"Data","Último","Abertura","Máxima","Mínima","Vol.","Var%"
"28.12.2023","38,98","39,03","39,17","38,83","11,75M","-0,41%"
"27.12.2023","39,14","39,22","39,33","38,94","5,07M","-0,15%"
"26.12.2023","39,20","38,65","39,24","38,65","4,74M","1,50%"
"22.12.2023","38,62","38,25","38,62","38,11","7,45M","1,34%"
"21.12.2023","38,11","38,13","38,32","37,80","5,74M","0,00%"
"20.12.2023","38,11","38,18","38,56","37,95","12,86M","0,18%"
"19.12.2023","38,04","37,96","38,09","37,52","10,20M","0,66%"
"18.12.2023","37,79","37,50","38,27","37,36","9,10M","2,05%"
"15.12.2023","37,03","37,37","37,98","36,89","11,93M","-0,78%"
"14.12.2023","37,32","36,90","37,49","36,63","14,07M","2,33%"
"13.12.2023","36,47","36,08","36,52","35,90","13,52M","1,33%"
"12.12.2023","35,99","36,49","36,70","35,70","5,06M","-1,53%"
"11.12.2023","36,55","36,60","36,83","36,40","5,07M","-0,30%"
"08.12.2023","36,66","35,70","36,81","35,47","9,79M","3,41%"
"07.12.2023","35,45","35,55","36,14","35,06","9,57M","0,31%"
"06.12.2023","35,34","36,05","36,23","35,30","11,25M","-2,38%"
"05.12.2023","36,20","36,60","36,68","36,14","13,12M","-0,74%"
"04.12.2023","36,47","37,05","37,20","36,39","10,97M","-1,96%"
"01.12.2023","37,20","37,60","37,72","37,20","7,14M","-1,33%"
"30.11.2023","37,70","37,56","38,21","37,17","15,99M","0,94%"
"29.11.2023","37,35","38,15","38,29","37,15","8,63M","-1,32%"
"28.11.2023","37,85","37,50","38,09","37,50","7,72M","0,93%"
"27.11.2023","37,50","37,52","37,86","37,01","9,48M","-0,66%"
"24.11.2023","37,75","37,70","38,51","37,34","11,93M","-0,29%"
"23.11.2023","37,86","37,69","37,86","37,39","2,80M","0,45%"
"22.11.2023","37,69","37,40","37,69","36,63","16,12M","0,09%"
"21.11.2023","37,66","37,64","37,87","37,21","13,42M","-0,99%"
"20.11.2023","38,03","38,16","38,51","37,38","16,36M","-0,33%"
"17.11.2023","38,16","36,83","38,48","36,83","15,49M","4,22%"
"16.11.2023","36,61","37,16","37,64","36,42","17,29M","-2,02%"
"14.11.2023","37,37","37,00","37,39","36,79","13,65M","1,15%"
"13.11.2023","36,94","36,14","36,95","36,13","9,39M","2,24%"
"10.11.2023","36,13","36,08","36,45","35,91","6,07M","-0,32%"
"09.11.2023","36,25","35,78","36,51","35,69","14,93M","2,12%"
"08.11.2023","35,49","36,15","36,19","35,22","11,87M","-2,36%"
"07.11.2023","36,35","36,68","37,06","36,04","15,19M","-2,21%"
"06.11.2023","37,17","37,57","37,82","37,11","10,60M","-0,26%"
"03.11.2023","37,27","37,65","37,65","36,74","9,64M","0,84%"
"01.11.2023","36,96","36,68","37,39","36,59","13,39M","1,16%"
"31.10.2023","36,54","36,85","36,92","36,14","6,45M","-0,86%"
"30.10.2023","36,85","37,34","37,53","36,53","8,45M","-0,81%"
"27.10.2023","37,15","37,95","38,26","36,82","13,34M","-0,72%"
"26.10.2023","37,42","37,57","37,63","36,77","9,47M","-0,74%"
"25.10.2023","37,70","37,76","37,93","37,39","9,37M","0,28%"
"24.10.2023","37,60","37,46","37,81","36,95","16,45M","1,54%"
"23.10.2023","37,03","38,26","38,32","36,91","20,84M","-6,03%"
"20.10.2023","39,40","40,19","40,42","39,03","11,10M","-1,09%"
"19.10.2023","39,84","40,06","40,07","39,55","17,75M","-0,72%"
"18.10.2023","40,13","39,49","40,36","39,48","28,68M","2,34%"
"17.10.2023","39,21","38,26","39,35","38,19","12,05M","2,27%"
"16.10.2023","38,34","38,09","38,53","37,52","11,14M","0,99%"
"13.10.2023","37,96","37,44","38,13","37,41","14,71M","3,15%"
"11.10.2023","36,81","36,83","36,90","36,07","10,09M","-0,34%"
"10.10.2023","36,93","36,59","36,93","36,28","9,18M","1,03%"
"09.10.2023","36,55","35,82","36,75","35,77","11,54M","4,10%"
"06.10.2023","35,12","33,90","35,39","33,90","11,73M","2,51%"
"05.10.2023","34,26","34,35","34,59","34,05","8,09M","-0,39%"
"04.10.2023","34,39","35,24","35,32","34,10","20,86M","-3,02%"
"03.10.2023","35,46","35,66","35,94","35,26","9,85M","-1,18%"
"02.10.2023","35,89","36,52","36,76","35,71","8,30M","-1,90%"
"29.09.2023","36,58","36,28","36,58","36,18","10,23M","1,01%"
"28.09.2023","36,22","36,34","36,48","36,02","8,59M","-0,50%"
"27.09.2023","36,40","35,54","36,40","35,54","15,53M","3,71%"
"26.09.2023","35,10","35,71","35,91","35,10","12,62M","-2,76%"
"25.09.2023","36,09","35,89","36,21","35,81","3,91M","0,65%"
"22.09.2023","35,86","35,84","36,18","35,69","7,39M","0,73%"
"21.09.2023","35,60","35,77","36,24","35,55","14,63M","-1,44%"
"20.09.2023","36,12","36,07","36,41","35,84","8,14M","0,13%"
"19.09.2023","36,07","36,14","36,57","35,98","13,13M","0,00%"
"18.09.2023","36,07","35,93","36,78","35,85","11,03M","1,25%"
"15.09.2023","35,63","36,11","36,26","35,63","20,13M","-1,47%"
"14.09.2023","36,16","35,18","36,24","35,18","11,04M","2,94%"
"13.09.2023","35,13","35,59","35,71","35,13","10,19M","-1,30%"
"12.09.2023","35,59","35,40","35,81","35,37","6,02M","1,10%"
"11.09.2023","35,20","35,44","35,72","35,15","13,41M","-3,58%"
"09.09.2023","36,51","36,51","36,51","36,51","","3,01%"
"08.09.2023","35,44","35,54","35,89","35,24","12,22M","-0,78%"
"06.09.2023","35,72","35,51","36,17","35,46","12,20M","0,49%"
"05.09.2023","35,55","33,85","35,72","33,79","24,90M","4,60%"
"04.09.2023","33,99","34,43","34,57","33,93","5,69M","-1,37%"
"01.09.2023","34,46","33,71","34,58","33,48","30,44M","3,33%"
"31.08.2023","33,35","34,42","34,52","32,96","19,05M","-2,70%"
"30.08.2023","34,28","34,45","34,51","34,22","5,85M","-0,08%"
"29.08.2023","34,31","34,28","34,37","33,99","7,74M","0,37%"
"28.08.2023","34,18","33,81","34,23","33,67","7,40M","1,03%"
"25.08.2023","33,83","34,20","34,45","33,52","13,83M","-0,79%"
"24.08.2023","34,10","34,10","34,60","33,86","8,22M","-0,25%"
"23.08.2023","34,19","32,90","34,20","32,90","26,09M","5,70%"
"22.08.2023","32,35","32,12","32,38","31,99","7,47M","1,51%"
"21.08.2023","31,86","32,28","32,70","31,58","9,97M","-0,99%"
"18.08.2023","32,18","32,03","32,29","31,79","7,76M","0,58%"
"17.08.2023","31,99","32,39","32,79","31,99","11,94M","-0,75%"
"16.08.2023","32,24","31,42","32,62","31,42","22,98M","2,95%"
"15.08.2023","31,31","32,79","32,95","31,28","15,86M","-0,21%"
"14.08.2023","31,38","31,16","31,48","31,05","7,86M","0,48%"
"11.08.2023","31,23","31,18","31,75","30,86","10,39M","0,06%"
"10.08.2023","31,21","30,98","31,40","30,78","13,73M","-0,03%"
"09.08.2023","31,22","30,89","31,38","30,75","13,21M","1,15%"
"08.08.2023","30,86","30,52","31,09","30,34","8,59M","-0,06%"
"07.08.2023","30,88","30,68","31,11","30,63","10,21M","0,67%"
"04.08.2023","30,68","31,38","31,75","30,09","39,76M","-4,20%"
"03.08.2023","32,02","32,01","32,22","31,78","8,45M","1,42%"
"02.08.2023","31,57","31,61","31,73","31,04","11,64M","-0,70%"
"01.08.2023","31,80","32,39","32,39","31,13","19,07M","-2,10%"
"31.07.2023","32,48","31,26","32,50","31,26","17,50M","5,26%"
"28.07.2023","30,86","30,51","30,96","30,32","7,97M","1,69%"
"27.07.2023","30,34","31,82","31,89","30,32","15,98M","-5,63%"
"26.07.2023","32,15","32,24","32,42","31,74","15,76M","-0,43%"
"25.07.2023","32,29","32,19","32,36","31,54","9,56M","1,79%"
"24.07.2023","31,72","31,16","31,76","31,16","13,92M","2,07%"
"21.07.2023","31,08","30,63","31,25","30,46","16,44M","1,83%"
"20.07.2023","30,52","30,29","30,65","30,08","12,37M","0,77%"
"19.07.2023","30,29","30,00","30,42","29,86","11,13M","0,56%"
"18.07.2023","30,12","30,33","30,58","30,04","8,41M","-0,86%"
"17.07.2023","30,38","29,86","30,49","29,33","13,86M","0,03%"
"14.07.2023","30,37","30,82","30,97","30,25","13,92M","-2,11%"
"13.07.2023","31,02","30,60","31,14","30,58","9,83M","1,46%"
"12.07.2023","30,58","30,67","31,29","30,56","12,18M","-0,30%"
"11.07.2023","30,67","30,86","31,04","30,56","9,52M","-0,78%"
"10.07.2023","30,91","30,64","31,19","30,58","6,94M","0,00%"
"07.07.2023","30,91","31,22","31,60","30,86","8,17M","-0,54%"
"06.07.2023","31,08","31,24","31,44","30,72","12,59M","-1,27%"
"05.07.2023","31,48","31,46","31,87","31,09","14,11M","-0,03%"
"04.07.2023","31,49","31,41","31,75","31,28","3,08M","0,24%"
"03.07.2023","31,42","31,17","31,57","31,16","10,25M","1,72%"
"30.06.2023","30,88","32,61","32,61","30,86","19,93M","-5,13%"
"29.06.2023","32,55","32,33","32,62","32,18","11,00M","1,10%"
"28.06.2023","32,20","31,99","32,58","31,93","10,13M","0,73%"
"27.06.2023","31,97","32,29","32,49","31,67","12,66M","-0,87%"
"26.06.2023","32,25","31,54","32,40","31,54","12,86M","1,95%"
"23.06.2023","31,63","32,49","32,53","31,18","11,74M","-3,39%"
"22.06.2023","32,74","32,97","33,11","32,43","13,63M","-1,65%"
"21.06.2023","33,29","32,40","33,45","32,32","16,98M","3,99%"
"20.06.2023","32,01","31,80","32,10","31,22","20,06M","0,26%"
"19.06.2023","31,93","31,15","31,95","31,06","5,67M","2,49%"
"16.06.2023","31,15","30,90","31,42","30,64","20,47M","0,60%"
"15.06.2023","30,97","31,40","32,10","30,86","19,88M","-1,48%"
"14.06.2023","31,43","30,30","31,43","30,18","35,21M","4,30%"
"13.06.2023","30,14","30,58","30,58","29,85","24,87M","0,04%"
"12.06.2023","30,12","29,75","30,33","29,59","23,81M","1,27%"
"09.06.2023","29,75","28,56","29,78","28,46","18,76M","4,81%"
"07.06.2023","28,38","28,07","28,42","27,88","20,67M","3,11%"
"06.06.2023","27,52","26,96","27,65","26,72","17,31M","2,03%"
"05.06.2023","26,98","27,00","27,29","26,78","8,04M","0,62%"
"02.06.2023","26,81","27,03","27,09","26,64","10,48M","1,20%"
"01.06.2023","26,49","25,83","26,57","25,78","13,27M","2,91%"
"31.05.2023","25,74","25,74","26,07","25,51","18,15M","-1,22%"
"30.05.2023","26,06","26,26","26,40","25,89","17,07M","-0,94%"
"29.05.2023","26,31","26,33","26,48","26,10","3,60M","-0,63%"
"26.05.2023","26,48","26,33","26,48","26,07","9,72M","1,66%"
"25.05.2023","26,04","26,43","26,43","25,84","10,55M","-0,74%"
"24.05.2023","26,24","25,82","26,39","25,74","7,14M","1,09%"
"23.05.2023","25,96","25,56","26,20","25,44","10,47M","2,08%"
"22.05.2023","25,43","25,81","26,07","25,34","10,45M","-1,50%"
"19.05.2023","25,81","26,00","26,06","25,71","13,20M","0,48%"
"18.05.2023","25,69","25,50","25,72","25,19","22,51M","0,45%"
"17.05.2023","25,58","26,03","26,12","25,39","24,72M","-0,62%"
"16.05.2023","25,74","25,17","26,43","25,17","31,50M","2,24%"
"15.05.2023","25,17","25,31","25,52","24,90","18,04M","-1,99%"
"12.05.2023","25,68","24,71","26,28","24,71","20,20M","3,52%"
"11.05.2023","24,81","23,95","25,07","23,65","20,24M","2,40%"
"10.05.2023","24,23","24,08","24,47","23,88","9,51M","0,18%"
"09.05.2023","24,18","23,94","24,33","23,80","8,07M","0,77%"
"08.05.2023","24,00","23,97","24,23","23,78","8,20M","-10,35%"
"06.05.2023","26,77","26,77","26,77","26,77","","13,38%"
"05.05.2023","23,61","22,91","23,66","22,82","10,83M","4,20%"
"04.05.2023","22,66","22,58","23,01","22,26","11,03M","1,46%"
"03.05.2023","22,33","22,32","22,69","22,22","13,17M","-0,55%"
"02.05.2023","22,46","23,36","23,45","22,32","21,98M","-4,46%"
"28.04.2023","23,51","23,46","23,88","22,80","34,07M","1,97%"
"27.04.2023","23,05","23,78","24,01","22,92","29,48M","-2,66%"
"26.04.2023","23,68","23,97","24,11","23,67","20,25M","-1,43%"
"25.04.2023","24,02","24,17","24,37","23,75","15,56M","-0,53%"
"24.04.2023","24,15","23,73","24,23","23,63","13,86M","1,54%"
"20.04.2023","23,78","23,80","24,05","23,45","7,71M","0,30%"
"19.04.2023","23,71","24,34","24,37","23,65","18,32M","-3,19%"
"18.04.2023","24,49","23,96","24,68","23,78","15,97M","2,57%"
"17.04.2023","23,88","23,71","24,06","23,68","10,99M","0,40%"
"14.04.2023","23,78","23,38","23,79","23,31","8,64M","1,50%"
"13.04.2023","23,43","23,31","23,51","23,22","9,79M","1,17%"
"12.04.2023","23,16","23,33","23,45","22,84","16,56M","0,07%"
"11.04.2023","23,15","22,66","23,19","22,33","17,97M","4,39%"
"10.04.2023","22,17","21,69","22,19","21,67","8,26M","2,66%"
"06.04.2023","21,60","21,84","21,91","21,53","6,94M","-1,17%"
"05.04.2023","21,85","21,76","22,01","21,13","15,97M","0,15%"
"04.04.2023","21,82","22,30","22,33","21,73","6,94M","-1,41%"
"03.04.2023","22,13","21,73","22,15","21,47","12,19M","4,76%"
"31.03.2023","21,13","21,61","21,77","20,99","16,95M","-2,18%"
"30.03.2023","21,60","21,66","21,76","21,24","9,97M","1,12%"
"29.03.2023","21,36","21,19","21,42","20,99","10,89M","1,06%"
"28.03.2023","21,14","20,75","21,14","20,69","10,85M","1,73%"
"27.03.2023","20,78","20,74","20,87","20,43","10,06M","1,52%"
"24.03.2023","20,47","20,39","20,69","20,14","11,45M","0,35%"
"23.03.2023","20,39","20,88","21,18","20,28","16,17M","-1,96%"
"22.03.2023","20,80","20,99","21,10","20,70","7,28M","-0,87%"
"21.03.2023","20,99","20,69","21,18","20,68","7,59M","2,21%"
"20.03.2023","20,53","21,14","21,26","20,47","11,08M","-2,35%"
"17.03.2023","21,02","20,74","21,03","20,50","25,16M","0,42%"
"16.03.2023","20,94","21,03","21,16","20,71","9,91M","-0,38%"
"15.03.2023","21,02","21,22","21,29","20,50","19,44M","-2,44%"
"14.03.2023","21,54","22,04","22,39","21,42","9,45M","-1,78%"
"13.03.2023","21,93","22,29","22,40","21,82","10,18M","-3,17%"
"10.03.2023","22,65","22,56","23,07","22,52","13,39M","-0,70%"
"09.03.2023","22,81","23,00","23,72","22,77","14,77M","-1,24%"
"08.03.2023","23,10","22,80","23,43","22,73","16,67M","1,54%"
"07.03.2023","22,75","23,22","23,32","22,53","11,88M","-3,03%"
"06.03.2023","23,46","23,13","23,51","22,92","12,27M","1,48%"
"03.03.2023","23,11","22,29","23,15","22,15","14,01M","3,65%"
"02.03.2023","22,30","23,08","23,27","22,16","16,49M","-2,75%"
"01.03.2023","22,93","22,97","23,03","21,84","25,41M","0,00%"
"28.02.2023","22,93","23,96","24,50","22,93","28,69M","-4,39%"
"27.02.2023","23,98","23,48","24,26","23,42","16,60M","1,66%"
"24.02.2023","23,59","23,95","24,06","23,51","14,92M","-1,50%"
"23.02.2023","23,95","23,09","24,18","23,09","15,82M","3,73%"
"22.02.2023","23,09","23,20","23,47","23,09","9,62M","-2,49%"
"17.02.2023","23,68","24,02","24,03","23,68","9,96M","-1,53%"
"16.02.2023","24,05","23,93","24,31","23,93","10,01M","-0,10%"
"15.02.2023","24,07","23,79","24,25","23,70","13,37M","0,43%"
"14.02.2023","23,97","24,11","24,28","23,91","9,96M","-0,60%"
"13.02.2023","24,11","23,93","24,21","23,63","11,67M","0,50%"
"10.02.2023","23,99","23,35","24,13","23,35","22,16M","2,73%"
"09.02.2023","23,35","23,34","23,58","23,19","11,09M","0,00%"
"08.02.2023","23,35","23,06","23,41","22,92","7,47M","2,02%"
"07.02.2023","22,89","23,09","23,33","22,67","9,64M","-0,52%"
"06.02.2023","23,01","22,21","23,15","22,21","9,97M","3,63%"
"03.02.2023","22,21","21,93","22,68","21,85","13,87M","1,20%"
"02.02.2023","21,94","22,97","23,11","21,82","17,31M","-4,74%"
"01.02.2023","23,03","23,50","23,82","22,80","13,73M","-1,97%"
"31.01.2023","23,50","23,12","23,56","22,92","13,73M","1,62%"
"30.01.2023","23,12","23,32","23,39","22,86","8,89M","0,31%"
"27.01.2023","23,05","23,59","23,60","22,89","11,01M","-2,27%"
"26.01.2023","23,59","24,26","24,38","23,07","18,65M","-2,79%"
"25.01.2023","24,26","24,15","24,30","23,42","13,85M","0,43%"
"24.01.2023","24,16","24,55","25,12","23,94","13,96M","-0,75%"
"23.01.2023","24,34","23,83","24,90","23,65","12,31M","2,31%"
"20.01.2023","23,79","23,49","23,88","23,04","14,05M","1,12%"
"19.01.2023","23,53","22,61","23,56","22,58","13,18M","3,40%"
"18.01.2023","22,76","23,36","23,51","22,65","13,96M","-1,28%"
"17.01.2023","23,05","21,66","23,07","21,66","21,29M","7,04%"
"16.01.2023","21,54","21,91","22,05","21,34","8,50M","-2,49%"
"13.01.2023","22,09","21,97","22,22","21,81","7,76M","-0,22%"
"12.01.2023","22,13","22,09","22,20","21,70","13,09M","0,54%"
"11.01.2023","22,01","21,73","22,20","21,69","9,59M","1,28%"
"10.01.2023","21,73","21,59","21,77","21,11","8,95M","0,59%"
"09.01.2023","21,61","21,41","21,78","21,22","12,70M","0,67%"
"06.01.2023","21,46","21,66","22,12","21,39","14,11M","-0,63%"
"05.01.2023","21,60","21,19","21,81","21,10","20,37M","3,24%"
"04.01.2023","20,92","20,53","21,46","20,18","24,52M","1,67%"
"03.01.2023","20,58","21,02","21,18","20,32","28,66M","-1,41%"
"02.01.2023","20,87","21,42","21,77","20,71","14,37M","-6,67%"
"29.12.2022","22,36","22,88","22,92","22,32","31,39M","-1,61%"
"28.12.2022","22,73","22,88","23,13","22,63","9,70M","-0,56%"
"27.12.2022","22,86","22,89","22,93","22,34","15,57M","0,67%"
"26.12.2022","22,71","22,70","22,84","22,43","3,66M","-0,32%"
"23.12.2022","22,78","21,85","22,81","21,78","12,49M","5,12%"
"22.12.2022","21,67","21,62","22,11","21,28","14,14M","1,15%"
"21.12.2022","21,42","21,18","21,42","20,67","20,95M","2,64%"
"20.12.2022","20,87","20,36","21,01","20,28","15,55M","2,43%"
"19.12.2022","20,38","19,86","20,45","19,69","12,96M","2,28%"
"16.12.2022","19,92","19,83","19,98","19,40","28,12M","0,28%"
"15.12.2022","19,87","18,98","20,29","18,91","24,27M","2,55%"
"14.12.2022","19,37","20,92","21,02","18,83","69,78M","-9,80%"
"13.12.2022","21,48","21,90","22,11","21,44","22,21M","-1,36%"
"12.12.2022","21,77","22,33","22,40","21,22","18,58M","-2,71%"
"09.12.2022","22,38","22,52","22,90","22,17","10,36M","-0,21%"
"08.12.2022","22,43","22,92","23,38","22,29","13,41M","-2,16%"
"07.12.2022","22,92","23,27","23,60","22,91","13,34M","-1,51%"
"06.12.2022","23,27","23,53","23,93","23,10","10,53M","-0,17%"
"05.12.2022","23,31","23,69","24,24","23,27","12,45M","-1,35%"
"02.12.2022","23,63","23,32","24,29","23,15","18,44M","1,30%"
"01.12.2022","23,33","24,10","24,37","23,33","12,07M","-3,75%"
"30.11.2022","24,24","23,57","24,31","23,53","29,53M","3,44%"
"29.11.2022","23,43","22,65","23,90","22,54","24,51M","4,30%"
"28.11.2022","22,47","21,84","22,63","21,71","12,32M","2,47%"
"25.11.2022","21,93","22,40","22,40","21,71","13,02M","-2,24%"
"24.11.2022","22,43","21,62","22,66","21,49","13,78M","3,88%"
"23.11.2022","21,59","21,22","21,86","21,12","17,85M","0,04%"
"22.11.2022","21,58","21,31","21,58","20,36","44,86M","0,48%"
"21.11.2022","21,48","21,95","22,20","20,95","33,58M","-0,36%"
"18.11.2022","21,56","22,10","22,27","21,31","27,49M","-1,84%"
"17.11.2022","21,96","22,13","22,20","21,62","30,51M","-0,77%"
"16.11.2022","22,13","22,52","22,69","21,91","25,17M","-1,11%"
"14.11.2022","22,38","22,04","22,71","21,96","19,82M","2,77%"
"11.11.2022","21,78","21,01","22,10","20,77","34,87M","3,40%"
"10.11.2022","21,06","20,79","21,45","20,52","39,82M","-1,23%"
"09.11.2022","21,32","21,65","22,12","21,28","15,93M","-1,86%"
"08.11.2022","21,73","21,55","21,92","21,27","19,14M","0,00%"
"07.11.2022","21,73","22,27","22,63","21,60","27,44M","-3,41%"
"04.11.2022","22,49","24,26","24,35","22,27","28,96M","-5,23%"
"03.11.2022","23,74","23,49","24,01","23,21","24,78M","0,27%"
"01.11.2022","23,67","23,79","24,05","23,47","34,12M","0,33%"
"31.10.2022","23,59","23,63","24,57","23,07","55,04M","-7,04%"
"28.10.2022","25,38","25,49","25,69","25,00","26,88M","-1,51%"
"27.10.2022","25,77","25,94","26,16","25,53","25,02M","0,30%"
"26.10.2022","25,69","25,93","26,20","24,96","25,67M","-1,82%"
"25.10.2022","26,17","26,54","26,76","25,91","24,07M","-1,50%"
"24.10.2022","26,57","28,62","28,82","26,50","33,46M","-9,89%"
"21.10.2022","29,48","28,68","29,85","28,47","32,57M","3,41%"
"20.10.2022","28,51","28,13","28,58","27,97","27,32M","2,68%"
"19.10.2022","27,77","26,82","27,87","26,72","21,28M","3,71%"
"18.10.2022","26,77","26,42","26,77","26,00","18,63M","2,25%"
"17.10.2022","26,18","26,35","26,67","25,86","26,39M","-0,65%"
"14.10.2022","26,35","26,85","26,90","26,32","19,15M","-1,95%"
"13.10.2022","26,88","25,72","27,33","25,60","24,44M","3,13%"
"11.10.2022","26,06","26,01","26,45","25,75","20,87M","-0,97%"
"10.10.2022","26,32","26,67","26,82","26,16","12,30M","-0,91%"
"07.10.2022","26,56","26,62","27,25","26,38","18,14M","-0,50%"
"06.10.2022","26,69","26,22","26,77","25,96","23,21M","2,95%"
"05.10.2022","25,93","25,18","26,10","25,04","24,40M","3,54%"
"04.10.2022","25,04","26,11","26,12","24,94","26,06M","-1,97%"
"03.10.2022","25,55","25,08","25,68","24,98","46,18M","8,86%"
"30.09.2022","23,47","23,06","23,91","22,98","28,36M","1,25%"
"29.09.2022","23,18","22,92","23,32","22,74","24,32M","0,09%"
"28.09.2022","23,15","23,32","23,41","22,62","17,49M","-0,70%"
"27.09.2022","23,32","23,62","23,67","23,20","17,52M","0,70%"
"26.09.2022","23,15","23,27","23,56","22,98","29,07M","-0,79%"
"23.09.2022","23,34","24,62","24,69","23,23","48,80M","-7,06%"
"22.09.2022","25,11","24,91","25,23","24,65","27,51M","2,05%"
"21.09.2022","24,61","24,86","25,03","24,45","16,15M","-0,20%"
"20.09.2022","24,66","24,96","25,10","24,51","21,15M","-0,17%"
"19.09.2022","24,70","24,05","24,85","23,99","24,43M","1,19%"
"16.09.2022","24,41","24,24","24,53","24,12","34,95M","-0,55%"
"15.09.2022","24,55","24,37","24,74","24,37","9,15M","-0,23%"
"14.09.2022","24,60","24,35","24,96","24,26","11,86M","1,23%"
"13.09.2022","24,30","24,69","25,05","24,18","25,31M","-2,86%"
"12.09.2022","25,02","25,47","25,89","25,02","15,39M","-0,59%"
"09.09.2022","25,17","25,69","25,86","25,15","9,00M","-0,17%"
"08.09.2022","25,21","25,62","25,92","24,98","14,28M","-1,00%"
"06.09.2022","25,47","25,65","25,87","25,07","28,31M","-3,52%"
"05.09.2022","26,40","26,82","26,93","26,30","12,44M","-0,21%"
"02.09.2022","26,45","27,21","27,46","26,37","21,56M","-1,45%"
"01.09.2022","26,84","26,53","26,89","26,00","26,14M","1,80%"
"31.08.2022","26,37","25,54","26,57","25,14","35,95M","2,94%"
"30.08.2022","25,62","26,74","26,83","25,50","22,36M","-5,64%"
"29.08.2022","27,15","26,69","27,50","26,61","21,37M","2,16%"
"26.08.2022","26,57","26,40","26,57","25,80","12,41M","1,00%"
"25.08.2022","26,31","26,86","27,17","25,76","19,33M","-1,01%"
"24.08.2022","26,58","26,55","26,91","26,11","15,97M","0,67%"
"23.08.2022","26,40","25,54","26,47","25,46","19,85M","3,76%"
"22.08.2022","25,45","24,88","25,62","24,23","19,25M","1,59%"
"19.08.2022","25,05","25,75","25,93","24,88","21,62M","-4,07%"
"18.08.2022","26,11","25,96","26,41","25,87","14,92M","1,32%"
"17.08.2022","25,77","24,79","25,81","24,70","18,98M","3,33%"
"16.08.2022","24,94","24,69","25,11","24,61","12,85M","1,15%"
"15.08.2022","24,66","24,04","25,02","23,71","29,40M","-0,34%"
"12.08.2022","24,74","22,66","24,76","22,25","52,89M","8,23%"
"11.08.2022","22,86","23,58","23,77","22,80","31,77M","-1,89%"
"10.08.2022","23,30","23,62","23,62","23,04","15,70M","-0,35%"
"09.08.2022","23,38","23,32","23,53","23,14","16,83M","1,32%"
"08.08.2022","23,08","22,08","23,12","22,08","24,45M","4,82%"
"05.08.2022","22,02","21,54","22,12","21,53","14,33M","1,74%"
"04.08.2022","21,64","21,40","21,74","21,04","11,26M","1,54%"
"03.08.2022","21,31","21,61","21,72","21,29","12,88M","-0,55%"
"02.08.2022","21,43","21,41","21,84","21,31","14,94M","0,05%"
"01.08.2022","21,42","21,68","21,69","21,18","21,46M","-1,24%"
"29.07.2022","21,69","21,17","21,94","20,80","49,58M","6,42%"
"28.07.2022","20,38","20,08","20,62","19,90","19,18M","2,12%"
"27.07.2022","19,96","19,95","19,99","19,48","11,61M","0,65%"
"26.07.2022","19,83","19,65","20,07","19,58","10,78M","1,44%"
"25.07.2022","19,55","19,10","19,61","18,98","14,05M","4,32%"
"22.07.2022","18,74","18,51","18,84","18,46","11,09M","1,08%"
"21.07.2022","18,54","18,67","18,71","17,96","17,13M","-1,10%"
"20.07.2022","18,74","18,46","18,74","18,45","16,80M","0,85%"
"19.07.2022","18,58","18,38","18,67","18,21","11,60M","1,12%"
"18.07.2022","18,38","18,03","18,43","18,03","13,33M","3,33%"
"15.07.2022","17,79","17,51","17,86","17,45","5,81M","1,99%"
"14.07.2022","17,44","17,79","17,81","17,35","11,54M","-3,19%"
"13.07.2022","18,02","17,84","18,20","17,79","8,34M","0,43%"
"12.07.2022","17,94","18,19","18,19","17,82","9,49M","-1,96%"
"11.07.2022","18,30","18,06","18,37","17,97","10,40M","-0,06%"
"08.07.2022","18,31","18,27","18,54","18,17","4,87M","0,91%"
"07.07.2022","18,14","18,00","18,31","17,96","10,33M","2,96%"
"06.07.2022","17,62","18,06","18,09","17,18","11,72M","-1,51%"
"05.07.2022","17,89","18,48","18,48","17,51","17,53M","-4,27%"
"04.07.2022","18,69","18,29","18,85","18,26","5,75M","2,38%"
"01.07.2022","18,26","17,96","18,43","17,60","13,95M","1,87%"
"30.06.2022","17,92","17,82","18,04","17,67","19,86M","-1,10%"
"29.06.2022","18,12","18,54","18,72","18,03","10,46M","-1,37%"
"28.06.2022","18,37","18,60","18,69","18,24","12,42M","1,46%"
"27.06.2022","18,11","17,14","18,21","17,14","17,66M","6,75%"
"24.06.2022","16,96","17,32","17,41","16,92","15,51M","-0,65%"
"23.06.2022","17,08","17,47","17,72","16,90","14,68M","-2,12%"
"22.06.2022","17,45","17,23","17,79","17,04","13,51M","-0,47%"
"21.06.2022","17,53","17,99","18,06","17,39","23,12M","-1,06%"
"20.06.2022","17,72","16,89","18,00","16,77","10,85M","0,87%"
"17.06.2022","17,56","18,25","18,43","16,92","37,27M","-7,25%"
"15.06.2022","18,94","19,42","19,47","18,75","20,11M","-1,31%"
"14.06.2022","19,19","19,13","19,54","19,00","14,54M","0,89%"
"13.06.2022","19,02","19,04","19,24","18,61","21,24M","-1,52%"
"10.06.2022","19,31","19,43","19,46","18,99","14,65M","-1,26%"
"09.06.2022","19,56","19,80","19,88","19,49","11,29M","-1,19%"
"08.06.2022","19,79","19,80","20,09","19,69","7,22M","-0,38%"
"07.06.2022","19,87","19,69","20,32","19,69","10,96M","0,36%"
"06.06.2022","19,80","19,89","20,02","19,59","9,26M","-0,06%"
"03.06.2022","19,81","19,31","19,90","19,17","13,90M","2,55%"
"02.06.2022","19,32","19,48","19,55","19,22","9,47M","-0,93%"
"01.06.2022","19,50","19,41","19,67","19,35","7,63M","-0,09%"
"31.05.2022","19,52","19,63","19,81","19,31","27,98M","0,76%"
"30.05.2022","19,37","19,95","19,95","18,81","12,39M","-2,16%"
"27.05.2022","19,80","20,63","20,63","19,75","20,68M","-4,17%"
"26.05.2022","20,66","20,58","20,89","20,51","11,24M","0,31%"
"25.05.2022","20,60","20,20","20,71","20,01","18,57M","2,03%"
"24.05.2022","20,19","19,95","20,43","19,79","18,25M","-2,67%"
"23.05.2022","20,74","20,15","20,86","20,09","18,21M","3,69%"
"20.05.2022","20,00","19,91","20,12","19,63","14,60M","1,40%"
"19.05.2022","19,73","19,57","19,86","19,36","9,92M","0,84%"
"18.05.2022","19,56","19,92","20,20","19,40","16,16M","-2,26%"
"17.05.2022","20,01","20,18","20,20","19,74","17,73M","0,08%"
"16.05.2022","20,00","19,51","20,11","19,44","21,84M","2,81%"
"13.05.2022","19,45","19,50","19,75","19,43","19,94M","0,14%"
"12.05.2022","19,42","19,39","19,51","18,95","28,62M","0,38%"
"11.05.2022","19,35","18,60","19,57","18,57","25,02M","5,04%"
"10.05.2022","18,42","18,37","18,58","18,13","17,44M","1,26%"
"09.05.2022","18,19","18,77","18,86","18,12","25,07M","-4,01%"
"06.05.2022","18,95","18,69","19,06","18,23","17,35M","3,78%"
"05.05.2022","18,26","18,32","18,58","17,71","24,53M","-0,66%"
"04.05.2022","18,38","17,74","18,38","17,54","20,76M","4,72%"
"03.05.2022","17,55","17,58","17,75","17,37","11,14M","0,67%"
"02.05.2022","17,44","17,79","17,84","17,07","15,97M","-1,79%"
"29.04.2022","17,76","18,07","18,58","17,76","17,08M","0,03%"
"28.04.2022","17,75","17,68","17,95","17,68","6,85M","0,72%"
"27.04.2022","17,62","17,79","17,92","17,53","7,21M","0,30%"
"26.04.2022","17,57","17,56","17,93","17,49","13,79M","-0,15%"
"25.04.2022","17,60","17,48","17,78","17,21","13,07M","-0,69%"
"22.04.2022","17,72","18,31","18,43","17,63","15,47M","-4,98%"
"20.04.2022","18,65","18,40","18,68","18,26","10,17M","1,18%"
"19.04.2022","18,43","18,29","18,62","18,24","14,92M","1,73%"
"18.04.2022","18,12","18,31","18,50","18,03","20,84M","-1,81%"
"14.04.2022","18,45","18,31","18,66","18,11","36,33M","0,20%"
"13.04.2022","18,41","18,19","18,51","18,15","21,63M","2,46%"
"12.04.2022","17,97","18,18","18,33","17,90","11,42M","0,11%"
"11.04.2022","17,95","18,00","18,11","17,84","7,06M","-1,32%"
"08.04.2022","18,19","17,93","18,27","17,85","14,04M","1,09%"
"07.04.2022","18,00","17,17","18,04","17,15","15,60M","5,01%"
"06.04.2022","17,14","17,13","17,35","16,93","14,89M","0,32%"
"05.04.2022","17,09","17,12","17,41","17,06","11,97M","-0,11%"
"04.04.2022","17,10","17,15","17,17","16,86","15,41M","-1,02%"
"01.04.2022","17,28","17,40","17,55","17,18","15,14M","0,00%"
"31.03.2022","17,29","16,98","17,45","16,97","17,09M","0,37%"
"30.03.2022","17,22","17,07","17,27","16,90","9,30M","1,77%"
"29.03.2022","16,92","16,75","17,13","16,63","21,24M","1,23%"
"28.03.2022","16,72","17,05","17,06","16,51","18,61M","-2,63%"
"25.03.2022","17,17","17,09","17,33","16,92","13,74M","0,09%"
"24.03.2022","17,15","16,84","17,25","16,70","15,17M","1,72%"
"23.03.2022","16,86","16,78","17,19","16,64","11,82M","0,97%"
"22.03.2022","16,70","16,92","16,98","16,50","15,13M","-0,64%"
"21.03.2022","16,81","16,30","16,94","16,27","12,17M","3,35%"
"18.03.2022","16,27","16,05","16,46","16,01","34,14M","0,88%"
"17.03.2022","16,12","16,69","16,83","15,70","33,94M","-2,64%"
"16.03.2022","16,56","16,59","16,72","16,27","19,93M","0,09%"
"15.03.2022","16,55","16,56","16,68","16,06","19,46M","-1,86%"
"14.03.2022","16,86","17,08","17,24","16,55","20,23M","-1,26%"
"11.03.2022","17,08","17,53","17,72","16,97","24,28M","-2,36%"
"10.03.2022","17,49","17,75","17,93","17,07","26,82M","2,80%"
"09.03.2022","17,01","17,11","17,23","16,64","18,73M","0,00%"
"08.03.2022","17,02","16,83","17,43","16,45","37,22M","1,61%"
"07.03.2022","16,75","18,35","18,39","16,56","31,86M","-7,65%"
"04.03.2022","18,13","18,22","18,44","17,80","18,10M","-0,67%"
"03.03.2022","18,26","18,44","18,59","18,01","15,44M","-0,80%"
"02.03.2022","18,40","18,63","18,68","18,22","16,22M","3,16%"
"25.02.2022","17,84","17,46","17,89","17,27","20,53M","1,85%"
"24.02.2022","17,52","18,15","18,47","17,14","23,08M","-1,57%"
"23.02.2022","17,80","17,89","18,05","17,68","19,56M","0,00%"
"22.02.2022","17,79","18,26","18,46","17,56","21,85M","-1,55%"
"21.02.2022","18,07","17,60","18,19","17,60","6,22M","2,70%"
"18.02.2022","17,60","17,61","17,75","17,35","14,03M","-0,64%"
"17.02.2022","17,71","17,73","17,94","17,56","10,21M","-0,47%"
"16.02.2022","17,79","17,54","18,18","17,54","18,45M","2,20%"
"15.02.2022","17,41","17,66","17,68","17,14","14,29M","-2,07%"
"14.02.2022","17,78","18,25","18,34","17,66","13,47M","-2,58%"
"11.02.2022","18,25","17,57","18,28","17,45","26,45M","-25,87%"
"10.02.2022","24,62","24,33","24,96","24,24","14,02M","1,71%"
"09.02.2022","24,20","24,22","24,82","24,01","10,51M","0,09%"
"08.02.2022","24,18","24,36","24,41","23,80","16,10M","-1,44%"
"07.02.2022","24,53","24,80","24,86","24,43","20,02M","-1,20%"
"04.02.2022","24,83","24,55","25,29","24,29","25,53M","1,79%"
"03.02.2022","24,40","24,53","24,53","23,98","16,66M","-1,07%"
"02.02.2022","24,66","25,31","25,32","24,48","11,74M","-1,79%"
"01.02.2022","25,11","24,31","25,21","24,01","19,06M","2,95%"
"31.01.2022","24,39","24,93","25,01","24,22","22,45M","-1,73%"
"28.01.2022","24,82","25,48","26,14","24,53","24,34M","-2,97%"
"27.01.2022","25,58","25,70","26,04","25,28","27,25M","0,38%"
"26.01.2022","25,48","24,89","25,86","24,89","22,40M","2,93%"
"25.01.2022","24,75","23,77","24,91","23,59","21,04M","3,32%"
"24.01.2022","23,96","23,82","24,26","23,07","25,10M","0,17%"
"21.01.2022","23,92","23,68","24,08","23,64","16,27M","0,35%"
"20.01.2022","23,84","23,86","24,09","23,52","18,24M","0,64%"
"19.01.2022","23,68","24,07","24,31","23,68","19,61M","-0,93%"
"18.01.2022","23,90","23,88","24,15","23,38","14,95M","0,35%"
"17.01.2022","23,82","23,80","24,16","23,70","7,08M","-0,32%"
"14.01.2022","23,90","23,56","24,02","23,25","28,26M","2,10%"
"13.01.2022","23,41","22,71","23,82","22,70","32,48M","2,42%"
"12.01.2022","22,85","22,25","22,99","22,23","25,55M","3,31%"
"11.01.2022","22,12","21,33","22,19","21,19","30,66M","4,13%"
"10.01.2022","21,24","21,23","21,48","21,01","17,33M","-0,36%"
"07.01.2022","21,32","21,27","21,43","21,11","16,89M","0,82%"
"06.01.2022","21,15","21,26","21,73","21,06","30,19M","-0,10%"
"05.01.2022","21,17","22,13","22,17","21,13","29,55M","-4,10%"
"04.01.2022","22,07","21,83","22,26","21,63","17,34M","1,27%"
"03.01.2022","21,80","21,32","21,90","21,27","15,58M","2,67%"
"30.12.2021","21,23","21,40","21,53","21,12","34,16M","-0,81%"
"29.12.2021","21,40","21,44","21,67","21,26","11,46M","-0,35%"
"28.12.2021","21,48","21,62","21,76","21,44","8,08M","0,06%"
"27.12.2021","21,46","21,05","21,59","20,91","17,87M","1,97%"
"23.12.2021","21,05","20,99","21,21","20,87","6,24M","0,73%"
"22.12.2021","20,90","20,99","21,09","20,74","10,07M","-0,40%"
"21.12.2021","20,98","21,10","21,32","20,94","10,85M","0,46%"
"20.12.2021","20,88","20,70","21,02","20,36","28,39M","-1,92%"
"17.12.2021","21,29","21,57","21,77","21,14","24,29M","-2,44%"
"16.12.2021","21,82","21,57","22,15","21,52","26,04M","2,07%"
"15.12.2021","21,38","21,41","21,50","21,06","18,06M","-0,32%"
"14.12.2021","21,45","21,99","21,99","21,39","13,37M","-1,40%"
"13.12.2021","21,75","21,71","22,07","21,46","20,98M","-0,10%"
"10.12.2021","21,77","21,63","22,14","21,63","9,89M","1,32%"
"09.12.2021","21,49","21,26","21,63","21,02","12,74M","0,00%"
"08.12.2021","21,49","21,64","22,08","21,49","22,77M","-0,35%"
"07.12.2021","21,57","21,24","21,66","21,08","33,24M","2,77%"
"06.12.2021","20,99","20,80","21,23","20,80","20,23M","0,93%"
"03.12.2021","20,79","20,38","20,83","20,23","32,30M","1,86%"
"02.12.2021","20,41","19,17","20,47","18,60","49,18M","8,93%"
"01.12.2021","18,74","18,81","19,30","18,72","25,69M","0,70%"
"30.11.2021","18,61","18,52","18,70","18,25","38,46M","-0,07%"
"29.11.2021","18,62","18,53","18,84","18,16","16,26M","3,39%"
"26.11.2021","18,01","18,12","18,47","17,74","30,87M","-4,36%"
"25.11.2021","18,83","18,34","18,95","18,21","13,08M","4,13%"
"24.11.2021","18,08","17,61","18,08","17,53","50,04M","1,95%"
"23.11.2021","17,74","17,04","17,84","17,01","19,71M","4,70%"
"22.11.2021","16,94","16,94","17,41","16,87","15,65M","0,92%"
"19.11.2021","16,79","16,79","16,90","16,52","14,32M","-1,38%"
"18.11.2021","17,02","17,08","17,17","16,69","18,57M","-0,07%"
"17.11.2021","17,03","17,47","17,52","16,97","15,21M","-2,30%"
"16.11.2021","17,44","17,39","17,60","17,03","13,74M","1,51%"
"12.11.2021","17,18","16,81","17,20","16,62","12,62M","1,83%"
"11.11.2021","16,87","17,12","17,12","16,79","10,21M","0,00%"
"10.11.2021","16,87","16,92","17,21","16,74","15,04M","-0,83%"
"09.11.2021","17,01","16,74","17,24","16,74","16,73M","1,55%"
"08.11.2021","16,75","16,41","17,03","16,40","18,25M","1,65%"
"05.11.2021","16,48","16,66","16,83","16,41","17,37M","0,07%"
"04.11.2021","16,47","17,07","17,16","16,39","16,27M","-2,95%"
"03.11.2021","16,97","17,50","17,58","16,97","20,09M","-4,25%"
"01.11.2021","17,72","17,43","17,96","17,34","33,14M","3,72%"
"29.10.2021","17,08","18,15","18,15","16,95","33,56M","-6,49%"
"28.10.2021","18,27","17,92","18,37","17,79","20,10M","0,96%"
"27.10.2021","18,10","18,15","18,28","17,95","16,04M","0,14%"
"26.10.2021","18,07","18,03","18,45","17,97","15,42M","-1,15%"
"25.10.2021","18,28","17,54","18,38","17,51","38,50M","6,13%"
"22.10.2021","17,23","17,35","17,51","16,56","43,67M","-1,97%"
"21.10.2021","17,57","17,78","18,02","17,24","33,64M","-3,10%"
"20.10.2021","18,13","17,96","18,36","17,78","16,56M","1,70%"
"19.10.2021","17,83","18,40","18,52","17,72","28,03M","-4,37%"
"18.10.2021","18,65","18,46","18,80","18,28","13,39M","0,13%"
"15.10.2021","18,62","18,65","18,76","18,52","10,68M","-0,30%"
"14.10.2021","18,68","18,76","19,07","18,55","15,78M","-0,17%"
"13.10.2021","18,71","18,31","18,82","18,24","17,09M","1,78%"
"11.10.2021","18,38","18,62","18,83","18,34","14,58M","-0,07%"
"08.10.2021","18,39","18,18","18,66","18,14","17,05M","2,02%"
"07.10.2021","18,03","17,97","18,21","17,76","11,48M","0,21%"
"06.10.2021","17,99","18,26","18,37","17,91","14,88M","-2,44%"
"05.10.2021","18,44","18,21","18,60","18,21","15,22M","1,67%"
"04.10.2021","18,14","17,54","18,18","17,52","20,14M","2,44%"
"01.10.2021","17,71","17,28","17,76","17,22","10,47M","1,88%"
"30.09.2021","17,38","17,49","17,55","17,22","19,13M","-0,07%"
"29.09.2021","17,39","17,29","17,53","17,01","27,50M","1,51%"
"28.09.2021","17,13","17,25","17,80","17,05","16,64M","-0,86%"
"27.09.2021","17,28","17,10","17,52","16,89","19,48M","1,56%"
"24.09.2021","17,02","16,89","17,19","16,76","12,83M","0,00%"
"23.09.2021","17,02","16,34","17,02","16,34","14,60M","4,16%"
"22.09.2021","16,34","16,02","16,51","16,02","12,53M","3,24%"
"21.09.2021","15,82","15,73","15,95","15,53","11,70M","1,59%"
"20.09.2021","15,58","15,34","15,58","15,13","19,96M","-1,06%"
"17.09.2021","15,74","16,43","16,48","15,74","31,63M","-4,57%"
"16.09.2021","16,50","16,59","16,63","16,20","9,92M","-0,93%"
"15.09.2021","16,65","16,52","16,86","16,44","12,39M","1,09%"
"14.09.2021","16,47","16,39","16,60","16,28","12,26M","-0,74%"
"13.09.2021","16,60","16,45","16,71","16,26","8,37M","3,11%"
"10.09.2021","16,10","16,45","16,52","16,07","16,82M","-0,08%"
"09.09.2021","16,11","16,16","16,39","15,48","40,09M","0,93%"
"08.09.2021","15,96","16,82","16,83","15,91","26,70M","-5,55%"
"06.09.2021","16,90","16,77","17,03","16,69","7,31M","0,26%"
"03.09.2021","16,86","16,90","16,96","16,66","34,02M","0,04%"
"02.09.2021","16,85","17,04","17,44","16,85","15,59M","-1,73%"
"01.09.2021","17,15","17,35","17,36","16,74","18,05M","-0,54%"
"31.08.2021","17,24","17,73","17,77","17,12","30,49M","-2,79%"
"30.08.2021","17,73","17,83","18,07","17,70","15,61M","-1,24%"
"27.08.2021","17,95","17,54","17,97","17,52","10,09M","3,05%"
"26.08.2021","17,42","17,39","17,69","17,39","17,71M","-0,81%"
"25.08.2021","17,57","17,47","17,58","17,35","9,08M","0,25%"
"24.08.2021","17,52","17,43","17,52","17,32","9,73M","1,14%"
"23.08.2021","17,32","16,99","17,33","16,86","21,62M","3,35%"
"20.08.2021","16,76","16,67","16,77","16,43","12,38M","-0,04%"
"19.08.2021","16,77","16,68","16,93","16,58","13,16M","-0,95%"
"18.08.2021","16,93","17,18","17,34","16,91","14,94M","-1,19%"
"17.08.2021","17,13","16,92","17,57","16,88","20,47M","0,04%"
"16.08.2021","17,13","17,38","17,38","16,88","14,20M","-1,91%"
"13.08.2021","17,46","17,20","17,54","17,14","13,95M","1,56%"
"12.08.2021","17,19","17,16","17,36","17,02","14,00M","0,55%"
"11.08.2021","17,10","16,81","17,27","16,70","13,39M","1,56%"
"10.08.2021","16,84","16,95","17,21","16,82","13,69M","0,03%"
"09.08.2021","16,83","16,81","16,89","16,54","16,29M","-0,93%"
"06.08.2021","16,99","17,08","17,15","16,81","14,18M","-0,55%"
"05.08.2021","17,08","16,96","17,45","16,65","56,51M","9,63%"
"04.08.2021","15,58","16,07","16,10","15,43","21,40M","-3,61%"
"03.08.2021","16,16","15,93","16,16","15,56","14,43M","1,69%"
"02.08.2021","15,90","16,13","16,47","15,90","17,89M","-0,95%"
"30.07.2021","16,05","16,36","16,49","16,04","16,41M","-2,59%"
"29.07.2021","16,47","16,53","16,58","16,34","6,64M","-0,39%"
"28.07.2021","16,54","16,36","16,60","16,16","12,43M","1,83%"
"27.07.2021","16,24","16,29","16,33","16,07","7,59M","-0,43%"
"26.07.2021","16,31","15,95","16,36","15,93","10,61M","2,01%"
"23.07.2021","15,99","16,28","16,29","15,91","7,79M","-1,33%"
"22.07.2021","16,21","16,19","16,31","15,98","6,94M","0,14%"
"21.07.2021","16,18","16,02","16,34","15,90","12,52M","1,61%"
"20.07.2021","15,93","15,54","16,09","15,39","13,29M","1,64%"
"19.07.2021","15,67","15,43","15,71","15,36","15,69M","-1,18%"
"16.07.2021","15,86","16,28","16,32","15,75","12,94M","-1,91%"
"15.07.2021","16,16","16,50","16,57","16,10","14,02M","-2,36%"
"14.07.2021","16,56","16,84","16,92","16,45","15,36M","-0,67%"
"13.07.2021","16,67","16,53","16,74","16,36","8,30M","0,39%"
"12.07.2021","16,60","16,57","16,69","16,34","12,75M","1,03%"
"08.07.2021","16,43","16,40","16,67","16,34","13,60M","-1,98%"
"07.07.2021","16,77","16,92","16,92","16,50","15,31M","0,52%"
"06.07.2021","16,68","17,16","17,30","16,68","26,02M","-3,74%"
"05.07.2021","17,33","17,34","17,49","17,05","9,63M","-1,13%"
"02.07.2021","17,52","17,57","17,57","17,16","10,69M","0,91%"
"01.07.2021","17,37","17,82","18,00","17,26","14,76M","-1,75%"
"30.06.2021","17,68","17,27","17,79","17,20","38,46M","2,06%"
"29.06.2021","17,32","17,11","17,37","16,92","18,32M","1,37%"
"28.06.2021","17,09","17,21","17,25","16,93","11,13M","-0,44%"
"25.06.2021","17,16","17,46","17,60","17,10","18,19M","-1,61%"
"24.06.2021","17,44","17,38","17,51","17,17","13,29M","1,53%"
"23.06.2021","17,18","17,20","17,44","17,03","11,80M","0,24%"
"22.06.2021","17,14","17,11","17,26","16,86","13,95M","0,10%"
"21.06.2021","17,12","16,82","17,19","16,80","9,09M","2,09%"
"18.06.2021","16,77","16,61","16,78","16,40","20,19M","0,28%"
"17.06.2021","16,72","17,21","17,30","16,56","17,54M","-3,08%"
"16.06.2021","17,26","17,27","17,38","16,99","27,14M","0,34%"
"15.06.2021","17,20","17,18","17,26","16,97","11,74M","0,72%"
"14.06.2021","17,07","17,28","17,50","16,99","17,51M","-0,14%"
"11.06.2021","17,10","17,26","17,33","16,96","15,32M","-0,78%"
"10.06.2021","17,23","17,28","17,44","17,15","19,42M","0,07%"
"09.06.2021","17,22","17,18","17,47","17,10","26,26M","0,34%"
"08.06.2021","17,16","16,63","17,25","16,60","51,12M","2,40%"
"07.06.2021","16,76","16,90","17,00","16,62","39,07M","-0,73%"
"04.06.2021","16,88","16,68","17,09","16,54","42,04M","1,22%"
"02.06.2021","16,68","15,93","16,68","15,90","44,60M","4,96%"
"01.06.2021","15,89","15,87","16,04","15,62","29,28M","2,18%"
"31.05.2021","15,55","15,59","15,67","15,42","20,36M","-0,22%"
"28.05.2021","15,59","14,88","15,62","14,88","47,43M","5,78%"
"27.05.2021","14,73","14,80","14,94","14,62","20,34M","-0,79%"
"26.05.2021","14,85","14,75","14,86","14,60","10,58M","0,91%"
"25.05.2021","14,72","15,00","15,07","14,66","19,24M","-1,79%"
"24.05.2021","14,99","14,99","15,03","14,76","14,58M","1,02%"
"21.05.2021","14,83","14,75","14,90","14,73","17,78M","0,99%"
"20.05.2021","14,69","14,87","14,93","14,59","12,09M","-1,37%"
"19.05.2021","14,89","14,70","14,93","14,64","13,81M","-0,31%"
"18.05.2021","14,94","15,14","15,20","14,87","14,04M","-1,31%"
"17.05.2021","15,14","14,95","15,14","14,91","11,33M","1,17%"
"14.05.2021","14,96","14,71","15,01","14,61","21,02M","4,65%"
"13.05.2021","14,30","14,20","14,34","13,98","15,44M","1,07%"
"12.05.2021","14,15","14,22","14,51","14,14","18,02M","-1,26%"
"11.05.2021","14,33","13,95","14,36","13,91","18,11M","1,32%"
"10.05.2021","14,14","14,13","14,27","14,02","20,93M","1,25%"
"07.05.2021","13,96","13,55","13,96","13,44","21,16M","3,73%"
"06.05.2021","13,46","13,57","13,68","13,42","12,77M","-1,41%"
"05.05.2021","13,66","13,28","13,75","13,23","21,20M","4,09%"
"04.05.2021","13,12","13,46","13,57","13,12","14,89M","-2,30%"
"03.05.2021","13,43","13,52","13,57","13,29","14,75M","-0,39%"
"30.04.2021","13,48","13,36","13,66","13,29","27,26M","0,09%"
"29.04.2021","13,47","13,82","13,95","13,34","18,01M","-2,00%"
"28.04.2021","13,74","13,40","13,78","13,38","18,94M","3,56%"
"27.04.2021","13,27","13,63","13,80","13,20","21,84M","-2,40%"
"26.04.2021","13,60","13,63","13,76","13,53","11,63M","0,13%"
"23.04.2021","13,58","13,63","13,66","13,43","16,61M","0,26%"
"22.04.2021","13,54","13,72","13,74","13,49","17,08M","0,04%"
"20.04.2021","13,54","13,89","14,01","13,49","31,89M","-2,48%"
"19.04.2021","13,88","13,22","14,17","13,12","53,55M","5,03%"
"16.04.2021","13,22","13,31","13,50","13,09","38,42M","-1,18%"
"15.04.2021","13,37","13,72","13,78","13,34","15,56M","-1,77%"
"14.04.2021","13,62","13,47","13,79","13,36","26,06M","1,60%"
"13.04.2021","13,40","13,41","13,51","13,28","17,20M","0,00%"
"12.04.2021","13,40","13,32","13,68","13,32","13,93M","1,02%"
"09.04.2021","13,27","13,06","13,33","13,03","21,46M","0,43%"
"08.04.2021","13,21","13,42","13,44","13,10","21,13M","-1,68%"
"07.04.2021","13,44","13,32","13,58","13,31","22,26M","0,46%"
"06.04.2021","13,37","13,49","13,63","13,32","15,68M","-0,75%"
"05.04.2021","13,47","13,44","13,52","13,28","13,32M","1,06%"
"01.04.2021","13,33","13,62","13,65","13,25","17,16M","-1,34%"
"31.03.2021","13,51","13,32","13,62","13,29","16,79M","1,53%"
"30.03.2021","13,31","13,19","13,45","13,19","14,51M","-0,30%"
"29.03.2021","13,35","13,03","13,36","13,03","16,55M","1,50%"
"26.03.2021","13,15","13,10","13,42","12,96","21,90M","1,48%"
"25.03.2021","12,96","12,63","13,05","12,41","23,58M","1,91%"
"24.03.2021","12,72","12,85","13,16","12,72","22,16M","-0,09%"
"23.03.2021","12,73","12,88","13,12","12,73","15,83M","-2,30%"
"22.03.2021","13,03","13,11","13,16","12,85","18,71M","-1,87%"
"19.03.2021","13,28","12,97","13,33","12,86","37,56M","2,39%"
"18.03.2021","12,97","13,21","13,28","12,85","26,02M","-2,83%"
"17.03.2021","13,34","12,92","13,41","12,79","25,88M","3,19%"
"16.03.2021","12,93","13,06","13,11","12,85","15,27M","-1,50%"
"15.03.2021","13,13","12,84","13,13","12,78","16,85M","2,47%"
"12.03.2021","12,81","12,88","13,03","12,70","19,89M","-1,09%"
"11.03.2021","12,96","12,70","13,07","12,67","39,16M","2,96%"
"10.03.2021","12,58","12,24","12,58","12,12","33,13M","4,21%"
"09.03.2021","12,07","11,93","12,36","11,73","33,86M","1,86%"
"08.03.2021","11,85","12,25","12,41","11,78","40,59M","-4,81%"
"05.03.2021","12,45","12,50","12,87","12,30","43,17M","0,87%"
"04.03.2021","12,35","11,92","12,49","11,81","47,49M","4,29%"
"03.03.2021","11,84","12,25","12,36","11,63","55,66M","-4,29%"
"02.03.2021","12,37","12,36","12,55","11,71","52,85M","-0,45%"
"01.03.2021","12,42","12,79","12,93","12,41","40,85M","-0,63%"
"26.02.2021","12,50","12,91","13,02","12,40","47,42M","-3,11%"
"25.02.2021","12,90","13,83","14,01","12,82","58,89M","-3,87%"
"24.02.2021","13,42","13,57","13,78","13,22","59,53M","1,28%"
"23.02.2021","13,25","12,98","13,42","12,76","135,10M","8,96%"
"22.02.2021","12,16","12,70","12,85","12,05","132,38M","-20,48%"
"19.02.2021","15,30","15,95","16,07","15,21","66,82M","-7,92%"
"18.02.2021","16,61","17,22","17,47","16,49","26,44M","-0,84%"
"17.02.2021","16,75","16,11","16,77","15,96","16,01M","4,14%"
"12.02.2021","16,09","15,98","16,14","15,74","10,84M","0,67%"
"11.02.2021","15,98","15,98","16,18","15,87","19,89M","0,93%"
"10.02.2021","15,83","15,79","15,97","15,44","14,69M","1,23%"
"09.02.2021","15,64","16,02","16,23","15,63","23,26M","-2,60%"
"08.02.2021","16,06","16,47","16,84","15,89","30,21M","-4,14%"
"05.02.2021","16,75","16,55","17,34","16,38","29,59M","1,40%"
"04.02.2021","16,52","16,53","16,62","16,23","9,73M","-0,10%"
"03.02.2021","16,54","16,57","16,70","16,41","18,11M","0,76%"
"02.02.2021","16,42","16,31","16,83","16,20","22,20M","3,45%"
"01.02.2021","15,87","15,70","15,99","15,51","16,13M","2,85%"
"29.01.2021","15,43","15,94","16,01","15,43","17,43M","-4,44%"
"28.01.2021","16,14","15,72","16,35","15,72","13,57M","2,22%"
"27.01.2021","15,79","15,41","16,18","15,29","16,45M","1,38%"
"26.01.2021","15,58","15,72","16,05","15,53","19,73M","-0,47%"
"22.01.2021","15,65","15,52","15,76","15,33","19,68M","-1,28%"
"21.01.2021","15,86","16,11","16,33","15,82","9,54M","-1,89%"
"20.01.2021","16,16","16,57","16,69","16,14","9,11M","-1,68%"
"19.01.2021","16,44","16,47","16,51","16,03","11,00M","1,25%"
"18.01.2021","16,23","16,31","16,64","16,23","10,07M","-0,17%"
"15.01.2021","16,26","16,64","16,66","16,17","20,43M","-3,52%"
"14.01.2021","16,86","16,81","16,96","16,53","16,53M","0,40%"
"13.01.2021","16,79","17,60","17,66","16,65","23,27M","-4,62%"
"12.01.2021","17,60","17,88","18,05","17,53","16,52M","-0,35%"
"11.01.2021","17,66","17,57","17,84","17,49","12,81M","-0,95%"
"08.01.2021","17,83","18,00","18,26","17,52","17,35M","-0,19%"
"07.01.2021","17,87","17,45","17,92","17,45","16,35M","3,09%"
"06.01.2021","17,33","17,22","17,64","17,21","23,21M","0,99%"
"05.01.2021","17,16","16,63","17,27","16,33","20,25M","3,05%"
"04.01.2021","16,65","16,45","16,79","16,38","16,49M","2,25%"
"30.12.2020","16,29","16,29","16,42","16,23","20,93M","0,63%"
"29.12.2020","16,18","16,26","16,34","16,04","7,36M","0,07%"
"28.12.2020","16,17","16,26","16,44","16,16","7,26M","0,74%"
"23.12.2020","16,05","15,79","16,33","15,79","5,87M","2,16%"
"22.12.2020","15,72","15,67","15,86","15,57","8,39M","1,02%"
"21.12.2020","15,56","15,61","15,80","15,45","12,69M","-3,70%"
"18.12.2020","16,16","16,25","16,39","16,12","9,99M","-1,04%"
"17.12.2020","16,33","16,16","16,39","16,11","9,85M","1,26%"
"16.12.2020","16,12","15,96","16,27","15,77","19,48M","1,10%"
"15.12.2020","15,95","15,87","16,04","15,73","11,60M","1,29%"
"14.12.2020","15,74","16,07","16,13","15,69","15,23M","-0,43%"
"11.12.2020","15,81","15,84","15,92","15,63","13,10M","-0,85%"
"10.12.2020","15,95","15,51","16,21","15,47","21,95M","3,63%"
"09.12.2020","15,39","15,37","15,53","15,22","18,35M","0,11%"
"08.12.2020","15,37","15,42","15,66","15,33","8,50M","-0,87%"
"07.12.2020","15,51","15,81","15,94","15,39","14,89M","-2,24%"
"04.12.2020","15,86","15,64","15,97","15,64","16,20M","3,31%"
"03.12.2020","15,35","15,17","15,60","15,07","14,48M","2,03%"
"02.12.2020","15,05","14,84","15,38","14,69","16,34M","1,37%"
"01.12.2020","14,85","14,67","14,90","14,63","12,79M","2,94%"
"30.11.2020","14,42","14,51","14,87","14,42","33,61M","-1,35%"
"27.11.2020","14,62","14,92","14,96","14,62","14,34M","-1,33%"
"26.11.2020","14,82","14,91","14,92","14,65","11,80M","-1,54%"
"25.11.2020","15,05","15,08","15,24","14,78","15,68M","-0,67%"
"24.11.2020","15,15","14,69","15,31","14,67","23,02M","5,34%"
"23.11.2020","14,38","13,97","14,38","13,97","22,77M","4,86%"
"20.11.2020","13,72","13,80","13,93","13,66","10,21M","-0,61%"
"19.11.2020","13,80","13,72","13,91","13,59","13,93M","0,91%"
"18.11.2020","13,68","13,84","14,01","13,67","24,00M","0,12%"
"17.11.2020","13,66","13,35","13,95","13,29","22,03M","1,13%"
"16.11.2020","13,51","13,43","13,73","13,36","22,38M","3,24%"
"13.11.2020","13,09","12,81","13,25","12,77","23,91M","2,34%"
"12.11.2020","12,79","13,18","13,28","12,71","19,72M","-4,11%"
"11.11.2020","13,33","13,41","13,45","12,99","27,96M","-0,08%"
"10.11.2020","13,34","12,48","13,40","12,42","53,21M","7,95%"
"09.11.2020","12,36","11,86","12,69","11,86","40,04M","10,22%"
"06.11.2020","11,22","11,08","11,28","11,06","13,78M","-0,35%"
"05.11.2020","11,26","11,33","11,34","11,15","11,40M","0,50%"
"04.11.2020","11,20","11,32","11,36","10,91","17,73M","0,46%"
"03.11.2020","11,15","11,04","11,24","10,97","19,67M","3,95%"
"30.10.2020","10,73","10,78","11,05","10,69","19,59M","-1,71%"
"29.10.2020","10,91","10,46","10,97","10,01","23,37M","3,70%"
"28.10.2020","10,52","10,94","10,97","10,52","31,03M","-6,14%"
"27.10.2020","11,21","11,40","11,47","11,17","15,33M","-1,68%"
"26.10.2020","11,40","11,45","11,57","11,25","11,89M","-1,42%"
"23.10.2020","11,57","11,77","11,89","11,53","20,47M","-1,54%"
"22.10.2020","11,75","11,39","11,75","11,31","19,87M","3,17%"
"21.10.2020","11,39","11,38","11,46","11,18","15,83M","-0,05%"
"20.10.2020","11,39","11,04","11,46","11,02","18,77M","3,43%"
"19.10.2020","11,01","10,96","11,25","10,88","16,26M","1,09%"
"16.10.2020","10,89","11,18","11,18","10,89","13,60M","-2,48%"
"15.10.2020","11,17","11,09","11,20","10,99","15,89M","-1,10%"
"14.10.2020","11,30","11,36","11,55","11,30","13,66M","-0,60%"
"13.10.2020","11,36","11,28","11,39","11,16","13,91M","1,10%"
"09.10.2020","11,24","11,54","11,56","11,23","19,48M","-3,30%"
"08.10.2020","11,62","11,39","11,65","11,27","25,39M","3,42%"
"07.10.2020","11,24","11,34","11,36","11,07","13,88M","-0,40%"
"06.10.2020","11,28","11,59","11,74","11,28","15,99M","-0,65%"
"05.10.2020","11,36","11,01","11,43","10,93","23,07M","4,90%"
"02.10.2020","10,83","11,18","11,18","10,83","23,17M","-3,86%"
"01.10.2020","11,26","11,18","11,34","10,86","30,11M","0,91%"
"30.09.2020","11,16","11,15","11,43","11,15","22,60M","0,82%"
"29.09.2020","11,07","11,37","11,45","11,05","17,65M","-2,82%"
"28.09.2020","11,39","11,76","11,88","11,39","20,85M","-2,42%"
"25.09.2020","11,67","11,68","11,78","11,52","10,81M","-1,05%"
"24.09.2020","11,80","11,73","11,98","11,61","19,63M","0,72%"
"23.09.2020","11,71","12,01","12,12","11,71","20,19M","-2,44%"
"22.09.2020","12,01","12,04","12,24","11,94","16,08M","-0,05%"
"21.09.2020","12,01","12,21","12,28","11,92","18,13M","-3,01%"
"18.09.2020","12,39","12,53","12,64","12,30","28,57M","-2,23%"
"17.09.2020","12,67","12,26","12,67","12,25","19,58M","2,23%"
"16.09.2020","12,39","12,46","12,58","12,27","15,19M","0,37%"
"15.09.2020","12,35","12,51","12,51","12,25","11,65M","0,23%"
"14.09.2020","12,32","12,46","12,51","12,15","17,09M","-1,00%"
"11.09.2020","12,44","12,45","12,61","12,32","32,69M","-0,50%"
"10.09.2020","12,50","12,88","12,91","12,50","22,96M","-3,78%"
"09.09.2020","12,99","12,85","13,03","12,81","16,86M","2,22%"
"08.09.2020","12,71","12,92","12,92","12,51","25,28M","-3,47%"
"04.09.2020","13,17","13,15","13,26","12,93","39,45M","0,13%"
"03.09.2020","13,15","13,05","13,37","12,98","25,67M","0,00%"
"02.09.2020","13,15","13,23","13,33","12,94","15,51M","-0,26%"
"01.09.2020","13,19","12,79","13,22","12,75","16,48M","4,66%"
"31.08.2020","12,60","12,93","12,97","12,60","19,13M","-3,42%"
"28.08.2020","13,05","12,84","13,05","12,74","12,79M","2,03%"
"27.08.2020","12,79","12,88","13,01","12,75","11,85M","-0,48%"
"26.08.2020","12,85","13,16","13,25","12,76","12,91M","-2,86%"
"25.08.2020","13,23","13,37","13,41","13,12","8,18M","-0,47%"
"24.08.2020","13,29","13,20","13,39","13,17","14,92M","1,99%"
"21.08.2020","13,03","13,07","13,10","12,89","12,79M","-0,77%"
"20.08.2020","13,13","13,08","13,29","12,93","19,42M","-1,06%"
"19.08.2020","13,27","13,32","13,56","13,19","17,22M","-0,42%"
"18.08.2020","13,33","13,29","13,49","13,19","13,21M","1,50%"
"17.08.2020","13,13","13,11","13,21","12,87","11,92M","0,04%"
"14.08.2020","13,12","13,15","13,29","13,07","12,21M","-0,39%"
"13.08.2020","13,18","13,60","13,65","13,10","11,83M","-2,95%"
"12.08.2020","13,58","13,55","13,68","13,38","14,68M","1,52%"
"11.08.2020","13,37","13,70","13,89","13,37","15,11M","-1,70%"
"10.08.2020","13,60","13,21","13,62","13,07","16,57M","3,39%"
"07.08.2020","13,16","13,30","13,33","13,05","16,37M","-2,18%"
"06.08.2020","13,45","13,42","13,64","13,34","17,45M","0,34%"
"05.08.2020","13,41","12,84","13,47","12,81","44,19M","6,45%"
"04.08.2020","12,59","12,49","12,80","12,39","16,31M","-0,13%"
"03.08.2020","12,61","12,97","13,03","12,61","16,53M","-1,59%"
"31.07.2020","12,81","13,24","13,42","12,75","25,04M","-2,66%"
"30.07.2020","13,16","13,29","13,34","13,00","13,49M","-2,14%"
"29.07.2020","13,45","13,29","13,47","13,24","8,99M","1,88%"
"28.07.2020","13,20","13,32","13,48","13,16","9,38M","-1,60%"
"27.07.2020","13,42","13,23","13,46","12,99","9,98M","1,89%"
"24.07.2020","13,17","13,14","13,37","13,01","11,10M","0,43%"
"23.07.2020","13,11","13,32","13,42","13,11","15,29M","-1,18%"
"22.07.2020","13,27","13,35","13,45","13,17","15,70M","-1,04%"
"21.07.2020","13,41","13,36","13,68","13,31","24,49M","2,09%"
"20.07.2020","13,14","13,21","13,26","13,03","11,81M","-0,63%"
"17.07.2020","13,22","13,25","13,38","13,15","13,64M","0,08%"
"16.07.2020","13,21","13,40","13,46","13,06","12,19M","-44,88%"
"15.07.2020","23,96","23,73","23,96","23,45","12,09M","2,37%"
"14.07.2020","23,41","22,62","23,59","22,32","16,10M","3,46%"
"13.07.2020","22,63","22,94","23,11","22,63","11,03M","-0,65%"
"10.07.2020","22,77","22,56","22,95","22,38","8,16M","1,55%"
"09.07.2020","22,43","23,22","23,31","22,42","11,40M","-2,87%"
"08.07.2020","23,09","22,77","23,22","22,72","11,67M","2,46%"
"07.07.2020","22,54","22,73","22,82","22,53","9,93M","-1,68%"
"06.07.2020","22,92","22,75","23,30","22,64","15,28M","2,89%"
"03.07.2020","22,28","22,33","22,54","22,26","3,10M","-0,62%"
"02.07.2020","22,42","22,52","22,64","22,25","13,32M","1,25%"
"01.07.2020","22,14","22,28","22,75","22,04","17,70M","0,09%"
"30.06.2020","22,12","21,95","22,41","21,63","20,07M","-0,98%"
"29.06.2020","22,34","21,86","22,39","21,72","10,28M","3,11%"
"26.06.2020","21,66","21,88","22,20","21,51","13,93M","-2,19%"
"25.06.2020","22,15","21,63","22,15","21,37","11,89M","2,10%"
"24.06.2020","21,69","22,18","22,21","21,38","10,84M","-2,67%"
"23.06.2020","22,29","21,94","22,84","21,78","13,14M","2,93%"
"22.06.2020","21,65","22,27","22,29","21,60","8,75M","-1,84%"
"19.06.2020","22,06","22,76","22,98","21,92","23,93M","-1,42%"
"18.06.2020","22,38","21,84","22,48","21,72","10,28M","1,57%"
"17.06.2020","22,03","22,10","22,53","21,78","13,64M","0,23%"
"16.06.2020","21,98","21,96","22,54","21,72","22,12M","4,13%"
"15.06.2020","21,11","20,38","21,57","19,90","21,21M","0,38%"
"12.06.2020","21,03","20,84","21,56","20,50","26,49M","-3,54%"
"10.06.2020","21,80","22,65","22,65","21,66","26,32M","-2,95%"
"09.06.2020","22,47","22,62","22,71","22,28","18,48M","-2,83%"
"08.06.2020","23,12","23,10","23,17","22,53","19,70M","2,19%"
"05.06.2020","22,63","22,77","23,60","22,59","26,51M","3,11%"
"04.06.2020","21,94","21,80","22,40","21,35","24,37M","0,45%"
"03.06.2020","21,84","22,14","22,17","21,74","18,69M","0,91%"
"02.06.2020","21,64","21,10","21,64","20,89","16,04M","4,34%"
"01.06.2020","20,74","20,47","20,94","20,26","16,89M","0,53%"
"29.05.2020","20,63","20,12","20,63","19,86","40,53M","1,36%"
"28.05.2020","20,36","20,29","20,70","20,11","14,87M","-0,44%"
"27.05.2020","20,45","20,41","20,57","19,73","17,47M","0,49%"
"26.05.2020","20,35","20,64","20,71","19,99","20,42M","1,03%"
"25.05.2020","20,14","20,26","20,26","20,01","6,71M","4,20%"
"22.05.2020","19,33","19,44","19,58","18,88","14,03M","-2,16%"
"21.05.2020","19,75","19,88","20,22","19,47","19,45M","0,35%"
"20.05.2020","19,68","19,47","20,00","19,47","14,66M","3,01%"
"19.05.2020","19,11","19,30","19,65","19,04","18,02M","-0,62%"
"18.05.2020","19,23","18,57","19,31","18,35","25,72M","9,72%"
"15.05.2020","17,53","17,82","18,61","17,53","34,77M","0,06%"
"14.05.2020","17,52","17,77","17,77","16,93","32,94M","-2,43%"
"13.05.2020","17,95","18,77","18,94","17,83","20,58M","-3,92%"
"12.05.2020","18,68","19,19","19,38","18,68","20,47M","-0,84%"
"11.05.2020","18,84","19,19","19,63","18,80","22,93M","-2,66%"
"08.05.2020","19,36","18,52","19,46","18,42","21,04M","6,83%"
"07.05.2020","18,12","18,35","18,55","17,98","32,17M","2,01%"
"06.05.2020","17,76","18,57","18,63","17,72","19,76M","-3,91%"
"05.05.2020","18,49","18,34","18,95","18,34","18,64M","3,43%"
"04.05.2020","17,87","17,77","18,13","17,57","17,89M","-3,22%"
"30.04.2020","18,47","18,55","18,99","18,25","23,04M","-1,84%"
"29.04.2020","18,81","18,33","19,11","18,17","26,84M","5,44%"
"28.04.2020","17,84","17,32","17,84","16,94","23,91M","7,26%"
"27.04.2020","16,63","16,21","16,75","15,81","25,40M","4,54%"
"24.04.2020","15,91","16,93","17,08","15,37","39,48M","-7,32%"
"23.04.2020","17,17","17,43","17,70","16,92","19,36M","1,11%"
"22.04.2020","16,98","16,24","16,99","16,19","19,61M","3,63%"
"20.04.2020","16,39","15,82","16,85","15,63","37,08M","-0,90%"
"17.04.2020","16,54","16,04","16,60","15,77","24,79M","3,53%"
"16.04.2020","15,97","16,75","16,81","15,70","21,90M","-2,95%"
"15.04.2020","16,46","16,19","16,67","16,05","38,32M","-3,26%"
"14.04.2020","17,01","17,26","17,52","16,79","19,28M","-0,69%"
"13.04.2020","17,13","16,92","17,22","16,48","24,10M","2,61%"
"09.04.2020","16,69","17,85","18,61","16,52","43,88M","-3,66%"
"08.04.2020","17,33","16,47","17,68","16,38","29,09M","5,68%"
"07.04.2020","16,40","16,82","17,17","16,28","34,29M","2,54%"
"06.04.2020","15,99","15,89","15,99","15,24","38,34M","5,42%"
"03.04.2020","15,17","16,19","16,22","14,66","38,03M","-0,71%"
"02.04.2020","15,28","15,24","16,50","14,77","56,86M","8,59%"
"01.04.2020","14,07","13,47","14,35","13,28","28,49M","0,50%"
"31.03.2020","14,00","13,45","14,60","13,40","46,05M","5,21%"
"30.03.2020","13,31","12,77","13,49","12,38","47,53M","3,15%"
"27.03.2020","12,90","13,17","13,71","12,90","49,73M","-10,75%"
"26.03.2020","14,46","14,31","15,18","13,78","39,12M","0,34%"
"25.03.2020","14,41","13,32","14,89","13,09","39,87M","8,02%"
"24.03.2020","13,34","12,52","13,61","12,34","33,63M","15,92%"
"23.03.2020","11,51","12,18","12,22","11,31","29,21M","-4,91%"
"20.03.2020","12,10","13,02","13,34","11,73","38,67M","-1,85%"
"19.03.2020","12,33","10,89","12,92","10,40","68,11M","12,67%"
"18.03.2020","10,94","11,58","12,08","10,40","73,47M","-15,52%"
"17.03.2020","12,95","13,53","13,97","12,87","53,01M","-0,38%"
"16.03.2020","13,00","13,85","14,53","12,97","39,54M","-17,21%"
"13.03.2020","15,70","15,35","15,70","13,00","59,12M","22,76%"
"12.03.2020","12,79","13,48","13,71","11,52","51,17M","-21,08%"
"11.03.2020","16,21","17,31","17,88","15,48","56,29M","-10,84%"
"10.03.2020","18,18","19,26","19,56","16,93","82,96M","8,51%"
"09.03.2020","16,75","18,81","19,30","16,28","109,08M","-29,68%"
"06.03.2020","23,82","25,43","25,43","23,49","56,85M","-10,26%"
"05.03.2020","26,55","27,43","27,70","25,95","27,39M","-5,00%"
"04.03.2020","27,94","28,04","28,12","27,34","25,86M","2,62%"
"03.03.2020","27,23","27,76","28,58","26,83","35,87M","-2,14%"
"02.03.2020","27,82","26,88","28,00","26,81","26,82M","3,50%"
"28.02.2020","26,88","26,35","26,88","25,66","38,54M","1,19%"
"27.02.2020","26,57","27,14","27,76","26,03","40,11M","-3,42%"
"26.02.2020","27,51","28,43","28,51","27,40","38,08M","-9,95%"
"21.02.2020","30,55","31,20","31,20","30,26","18,87M","-2,83%"
"20.02.2020","31,44","32,55","32,68","31,33","23,05M","-2,52%"
"19.02.2020","32,25","31,68","32,33","31,59","11,67M","1,97%"
"18.02.2020","31,63","31,02","31,73","30,77","13,30M","0,76%"
"17.02.2020","31,39","31,53","31,62","31,19","8,67M","0,25%"
"14.02.2020","31,31","31,73","31,80","31,18","13,54M","-0,97%"
"13.02.2020","31,62","31,83","32,22","31,40","17,44M","-1,90%"
"12.02.2020","32,23","32,04","32,36","31,74","38,80M","1,69%"
"11.02.2020","31,69","31,45","31,94","31,26","45,21M","1,36%"
"10.02.2020","31,27","31,15","31,36","30,56","137,41M","0,38%"
"07.02.2020","31,15","30,74","31,58","30,62","60,86M","0,51%"
"06.02.2020","30,99","30,60","31,68","30,25","91,90M","2,69%"
"05.02.2020","30,18","30,96","31,10","30,18","33,16M","-0,88%"
"04.02.2020","30,45","30,21","30,93","30,13","18,75M","2,47%"
"03.02.2020","29,71","30,06","30,31","29,71","8,80M","-1,12%"
"31.01.2020","30,05","30,23","30,44","29,78","12,10M","-2,07%"
"30.01.2020","30,68","29,53","30,68","29,48","13,53M","2,08%"
"29.01.2020","30,06","30,30","30,62","30,01","14,56M","-0,46%"
"28.01.2020","30,20","29,89","30,59","29,82","16,36M","2,35%"
"27.01.2020","29,51","29,93","30,02","29,23","12,02M","-4,21%"
"24.01.2020","30,80","30,80","31,01","30,23","24,10M","-0,38%"
"23.01.2020","30,92","30,50","30,94","29,89","14,89M","0,68%"
"22.01.2020","30,71","30,79","30,90","30,55","11,88M","0,00%"
"21.01.2020","30,71","31,41","31,53","30,71","7,71M","-3,00%"
"20.01.2020","31,67","31,39","31,82","31,21","5,12M","0,41%"
"17.01.2020","31,54","30,99","31,54","30,99","13,84M","2,02%"
"16.01.2020","30,91","30,89","31,02","30,63","6,66M","0,32%"
"15.01.2020","30,81","31,29","31,36","30,79","7,11M","-2,23%"
"14.01.2020","31,52","31,65","31,82","31,14","6,75M","-0,81%"
"13.01.2020","31,77","31,83","31,94","31,58","6,67M","-0,03%"
"10.01.2020","31,78","31,94","31,99","31,66","3,87M","-0,40%"
"09.01.2020","31,91","31,78","32,04","31,52","15,41M","0,56%"
"08.01.2020","31,73","32,38","32,43","31,48","10,03M","-1,63%"
"07.01.2020","32,26","32,67","32,70","32,09","5,48M","-1,36%"
"06.01.2020","32,70","31,69","32,79","31,47","17,55M","3,25%"
"03.01.2020","31,68","32,68","32,90","31,68","20,34M","-2,47%"
"02.01.2020","32,48","31,99","32,48","31,78","6,66M","2,50%"